City_ID,City,Lat,Lng,Max Temp,Humidity,Cloudiness,Wind Speed,Country,Date
0,Palasa,18.7667,84.4167,73.29,62,9,4.92,IN,2022-10-21 21:45:14
1,Punta Arenas,-53.15,-70.9167,51.91,40,0,41.43,CL,2022-10-21 21:45:15
2,Lluta,-16.0147,-72.0142,52.25,33,5,7.27,PE,2022-10-21 21:45:03
3,Pasni,25.2631,63.471,77.16,83,0,5.82,PK,2022-10-21 21:44:32
4,Bethel,41.3712,-73.414,61.65,48,0,3.33,US,2022-10-21 21:45:16
5,Burns Lake,54.2331,-125.7533,45.82,43,37,6.11,CA,2022-10-21 21:45:05
6,Leningradskiy,69.3833,178.4167,28.08,98,99,3.74,RU,2022-10-21 21:45:18
7,Guaratuba,-25.8828,-48.5747,76.95,93,3,2.06,BR,2022-10-21 21:45:18
8,Kungurtug,50.5994,97.5228,28.18,83,40,2.28,RU,2022-10-21 21:45:19
9,Georgetown,5.4112,100.3354,78.89,93,40,13.8,MY,2022-10-21 21:44:50
10,Grindavik,63.8424,-22.4338,36.07,80,0,10.36,IS,2022-10-21 21:45:20
11,Esil,51.9556,66.4042,50.16,57,100,6.96,KZ,2022-10-21 21:45:21
12,Chokurdakh,70.6333,147.9167,11.79,95,100,11.77,RU,2022-10-21 21:45:21
13,Praia,14.9215,-23.5087,79.34,78,20,6.91,CV,2022-10-21 21:42:52
14,Saint-Philippe,-21.3585,55.7679,71.19,84,44,9.46,RE,2022-10-21 21:45:23
15,Puerto Ayora,-0.7393,-90.3518,69.55,88,85,5.99,EC,2022-10-21 21:41:55
16,Carnarvon,-24.8667,113.6333,65.26,81,11,13.42,AU,2022-10-21 21:45:24
17,Qaanaaq,77.484,-69.3632,-1.55,61,0,8.52,GL,2022-10-21 21:45:25
18,Jardim,-21.4803,-56.1381,68.83,78,5,4.36,BR,2022-10-21 21:45:25
19,Isangel,-19.55,169.2667,76.51,73,98,16.78,VU,2022-10-21 21:45:26
20,Mataura,-46.1927,168.8643,56.48,43,15,2.77,NZ,2022-10-21 21:45:26
21,Seoul,37.5683,126.9778,51.24,97,75,2.3,KR,2022-10-21 21:41:51
22,Busselton,-33.65,115.3333,53.19,83,93,7.94,AU,2022-10-21 21:45:27
23,Les Trois-Ilets,14.539,-61.0361,82.31,74,0,8.05,MQ,2022-10-21 21:45:28
24,Yaan,7.3833,8.5667,73.83,91,77,3.36,NG,2022-10-21 21:45:29
25,Kodiak,57.79,-152.4072,49.51,50,0,12.66,US,2022-10-21 21:45:29
26,Atar,20.5169,-13.0499,90.68,14,0,9.37,MR,2022-10-21 21:45:30
27,Albany,42.6001,-73.9662,58.23,49,4,3.87,US,2022-10-21 21:45:31
28,Aubenas,44.6201,4.3899,64.17,94,100,1.66,FR,2022-10-21 21:45:31
29,Naberera,-4.2,36.9333,60.62,71,97,8.59,TZ,2022-10-21 21:45:32
30,Vaini,-21.2,-175.2,73.56,88,100,14.97,TO,2022-10-21 21:45:33
31,Waipawa,-41.4122,175.5153,50.97,55,0,3.62,NZ,2022-10-21 21:45:33
32,Hobart,-42.8794,147.3294,62.46,96,75,4.61,AU,2022-10-21 21:41:18
33,Geraldton,-28.7667,114.6,61.32,74,68,5.39,AU,2022-10-21 21:45:34
34,Bredasdorp,-34.5322,20.0403,54.97,83,76,4.25,ZA,2022-10-21 21:45:35
35,Porto Belo,-27.1578,-48.5531,73.35,91,24,6.06,BR,2022-10-21 21:45:36
36,Hamilton,39.1834,-84.5333,71.55,29,0,16.11,US,2022-10-21 21:44:39
37,Rocha,-34.4833,-54.3333,57.45,95,49,7.02,UY,2022-10-21 21:45:36
38,Lakatoro,-16.0999,167.4164,79.43,80,100,12.71,VU,2022-10-21 21:45:37
39,Airai,-8.9266,125.4092,63.05,73,90,1.57,TL,2022-10-21 21:45:38
40,Ribeira Grande,38.5167,-28.7,67.77,69,100,1.99,PT,2022-10-21 21:45:38
41,Khatanga,71.9667,102.5,3.96,97,89,2.86,RU,2022-10-21 21:45:39
42,Kapaa,22.0752,-159.319,86.11,68,20,17.27,US,2022-10-21 21:44:23
43,Antequera,37.0194,-4.5612,67.44,93,100,4.12,ES,2022-10-21 21:45:40
44,Yelnya,54.5786,33.1837,39.25,87,100,3.87,RU,2022-10-21 21:45:40
45,Caohai,26.8661,104.2841,51.84,93,100,3.15,CN,2022-10-21 21:45:41
46,Mount Isa,-20.7333,139.5,79.99,25,0,9.04,AU,2022-10-21 21:45:42
47,Tuktoyaktuk,69.4541,-133.0374,23.0,80,75,10.36,CA,2022-10-21 21:45:42
48,Yellowknife,62.456,-114.3525,32.56,69,75,8.99,CA,2022-10-21 21:43:37
49,Kruisfontein,-34.0033,24.7314,59.88,80,100,5.66,ZA,2022-10-21 21:46:13
50,Sapa,5.1544,120.3241,81.1,78,100,2.33,PH,2022-10-21 21:46:14
51,Atuona,-9.8,-139.0333,77.23,63,32,16.13,PF,2022-10-21 21:46:14
52,Barrow,71.2906,-156.7887,26.62,93,100,28.77,US,2022-10-21 21:42:54
53,Huadian,42.9633,126.7478,43.23,80,75,4.16,CN,2022-10-21 21:46:16
54,Kapuskasing,49.4169,-82.4331,48.29,81,75,9.22,CA,2022-10-21 21:46:17
55,Solnechnyy,50.7214,136.6319,31.48,59,100,4.88,RU,2022-10-21 21:46:17
56,Dikson,73.5069,80.5464,32.56,90,100,10.2,RU,2022-10-21 21:46:18
57,Pevek,69.7008,170.3133,22.17,96,100,0.36,RU,2022-10-21 21:46:18
58,Upernavik,72.7868,-56.1549,23.45,75,100,9.08,GL,2022-10-21 21:46:20
59,Gazojak,41.1875,61.4036,67.96,17,83,11.41,TM,2022-10-21 21:46:20
60,Mecca,21.4267,39.8261,81.43,60,0,3.53,SA,2022-10-21 21:45:39
61,Gamba,-2.65,10.0,76.86,86,98,5.44,GA,2022-10-21 21:46:21
62,Stornoway,58.2093,-6.3865,52.93,94,75,1.14,GB,2022-10-21 21:46:22
63,Nur,52.6683,22.3221,44.91,61,100,7.78,PL,2022-10-21 21:46:23
64,Nantucket,41.2835,-70.0995,60.94,71,0,8.41,US,2022-10-21 21:46:24
65,Hermanus,-34.4187,19.2345,53.8,79,80,10.51,ZA,2022-10-21 21:46:25
66,Mancio Lima,-7.6142,-72.8958,91.47,52,40,4.61,BR,2022-10-21 21:46:26
67,Guerrero Negro,27.9769,-114.0611,78.39,53,9,10.6,MX,2022-10-21 21:46:27
68,Ushuaia,-54.8,-68.3,53.26,40,40,11.5,AR,2022-10-21 21:42:15
69,Kahului,20.8947,-156.47,89.62,59,20,8.99,US,2022-10-21 21:46:28
70,Sorong,-0.8833,131.25,80.28,81,100,3.62,ID,2022-10-21 21:46:28
71,Mestia,43.0458,42.7278,20.52,80,45,4.56,GE,2022-10-21 21:46:29
72,Torbay,47.6666,-52.7314,52.57,81,75,11.5,CA,2022-10-21 21:46:29
73,Dzerzhinskoye,56.8344,95.2283,33.26,91,88,4.56,RU,2022-10-21 21:46:30
74,Rikitea,-23.1203,-134.9692,70.79,74,1,23.73,PF,2022-10-21 21:46:30
75,Andenes,69.3143,16.1194,42.93,87,75,18.41,NO,2022-10-21 21:46:31
76,Avera,33.194,-82.5271,69.39,37,62,2.21,US,2022-10-21 21:46:32
77,Zirandaro,18.45,-100.9833,81.1,65,100,2.73,MX,2022-10-21 21:46:32
78,Xining,36.6167,101.7667,42.85,63,100,0.47,CN,2022-10-21 21:46:33
79,Nome,64.5011,-165.4064,37.47,87,75,3.44,US,2022-10-21 21:46:33
80,Tevriz,57.509,72.4042,34.99,89,84,5.97,RU,2022-10-21 21:46:34
81,Tecolutla,20.4833,-97.0167,76.84,74,83,12.84,MX,2022-10-21 21:46:35
82,East London,-33.0153,27.9116,68.74,88,100,6.42,ZA,2022-10-21 21:46:35
83,Fortuna,40.5982,-124.1573,66.92,64,0,11.5,US,2022-10-21 21:46:36
84,Olga,43.7444,135.2892,49.06,75,1,7.36,RU,2022-10-21 21:46:36
85,Nikolskoye,59.7035,30.7861,42.69,95,100,3.33,RU,2022-10-21 21:46:37
86,Kununurra,-15.7667,128.7333,88.72,48,12,2.53,AU,2022-10-21 21:46:37
87,Hilo,19.7297,-155.09,91.27,84,100,11.5,US,2022-10-21 21:46:38
88,Port Alfred,-33.5906,26.891,64.18,97,100,3.0,ZA,2022-10-21 21:46:39
89,Otofuke,42.9917,143.2003,50.68,86,13,1.01,JP,2022-10-21 21:46:39
90,Zhezkazgan,47.8043,67.7144,51.84,44,59,11.18,KZ,2022-10-21 21:46:40
91,Cape Town,-33.9258,18.4232,63.27,63,0,25.32,ZA,2022-10-21 21:46:40
92,New Norfolk,-42.7826,147.0587,62.1,91,100,3.11,AU,2022-10-21 21:46:41
93,Vostok,46.4856,135.8833,38.21,97,99,4.9,RU,2022-10-21 21:47:11
94,Adwa,14.1646,38.8955,64.2,46,48,6.6,ET,2022-10-21 21:47:12
95,Bathsheba,13.2167,-59.5167,84.81,74,40,13.8,BB,2022-10-21 21:47:12
96,Jamestown,42.097,-79.2353,63.99,31,0,11.5,US,2022-10-21 21:46:57
97,Kaitangata,-46.2817,169.8464,53.67,47,7,3.27,NZ,2022-10-21 21:47:13
98,Ancud,-41.8697,-73.8203,49.98,67,1,6.24,CL,2022-10-21 21:47:14
99,Kavieng,-2.5744,150.7967,83.16,70,100,8.52,PG,2022-10-21 21:47:14
100,Concordia,-31.393,-58.0209,80.67,47,20,6.91,AR,2022-10-21 21:47:15
101,Oktyabrskoye,43.0645,44.7417,42.94,87,100,6.71,RU,2022-10-21 21:47:16
102,Rawah,34.4816,41.9093,72.79,51,100,1.43,IQ,2022-10-21 21:47:16
103,Sisimiut,66.9395,-53.6735,37.44,94,100,10.54,GL,2022-10-21 21:47:17
104,Sobolevo,54.4299,31.8996,40.55,80,100,5.26,RU,2022-10-21 21:47:17
105,Severo-Kurilsk,50.6789,156.125,39.16,79,85,7.36,RU,2022-10-21 21:47:18
106,Monte Alegre,-2.0078,-54.0692,85.73,50,73,4.27,BR,2022-10-21 21:47:19
107,Esperance,-33.8667,121.9,55.24,77,100,4.94,AU,2022-10-21 21:47:19
108,Lorengau,-2.0226,147.2712,83.25,68,87,7.78,PG,2022-10-21 21:47:20
109,Sabang,5.8933,95.3214,81.14,77,100,19.26,ID,2022-10-21 21:47:20
110,Villa San Giovanni,38.2276,15.6386,69.87,80,20,6.91,IT,2022-10-21 21:47:21
111,Shimoda,34.6667,138.95,65.1,73,100,11.59,JP,2022-10-21 21:47:22
112,Vilyuysk,63.7553,121.6247,15.08,99,93,4.63,RU,2022-10-21 21:47:23
113,Bilibino,68.0546,166.4372,12.7,95,100,2.64,RU,2022-10-21 21:47:24
114,Luderitz,-26.6481,15.1594,60.84,77,1,21.16,NA,2022-10-21 21:47:24
115,Narasannapeta,18.4167,84.05,72.37,75,5,6.69,IN,2022-10-21 21:47:25
116,Mirnyy,62.5353,113.9611,19.24,100,100,1.99,RU,2022-10-21 21:47:25
117,Sorland,67.667,12.6934,42.66,73,100,15.66,NO,2022-10-21 21:47:26
118,Auki,-8.7676,160.7034,79.56,85,100,5.66,SB,2022-10-21 21:47:26
119,Srednekolymsk,67.45,153.6833,12.72,95,100,10.25,RU,2022-10-21 21:47:27
120,Balabac,7.9868,117.0645,80.94,81,80,7.49,PH,2022-10-21 21:47:27
121,Rio Do Sul,-27.2142,-49.6431,67.39,93,30,2.64,BR,2022-10-21 21:46:52
122,Satellite Beach,28.1761,-80.5901,75.06,66,0,13.8,US,2022-10-21 21:47:28
123,Lethem,3.3803,-59.7968,89.65,66,40,11.5,GY,2022-10-21 21:47:29
124,Lebu,-37.6167,-73.65,51.35,70,0,16.78,CL,2022-10-21 21:47:29
125,Sivaganga,9.8667,78.4833,79.21,85,100,4.0,IN,2022-10-21 21:47:30
126,Souillac,-20.5167,57.5167,71.98,88,40,6.91,MU,2022-10-21 21:47:30
127,Monmouth,40.3001,-74.1663,63.9,47,0,6.91,US,2022-10-21 21:44:47
128,Mildura,-34.2,142.15,61.07,100,100,6.91,AU,2022-10-21 21:47:19
129,Barcelos,41.5388,-8.6151,63.84,90,18,10.98,PT,2022-10-21 21:43:07
130,Asfi,32.2994,-9.2372,70.39,75,100,6.49,MA,2022-10-21 21:47:32
131,Cidreira,-30.1811,-50.2056,66.4,90,99,5.41,BR,2022-10-21 21:47:32
132,Mahebourg,-20.4081,57.7,74.25,88,40,6.91,MU,2022-10-21 21:47:33
133,Vanimo,-2.6741,141.3028,76.98,90,100,4.52,PG,2022-10-21 21:47:33
134,Aklavik,68.2191,-135.0107,23.0,100,100,4.61,CA,2022-10-21 21:47:34
135,Muros,42.7762,-9.0603,65.16,86,63,20.45,ES,2022-10-21 21:47:35
136,Coquimbo,-29.9533,-71.3436,56.93,82,75,9.22,CL,2022-10-21 21:43:17
137,Pisco,-13.7,-76.2167,65.01,72,0,8.05,PE,2022-10-21 21:47:35
138,Tasiilaq,65.6145,-37.6368,32.16,94,100,3.04,GL,2022-10-21 21:47:36
139,Canto Do Buriti,-8.11,-42.9444,88.2,26,44,7.29,BR,2022-10-21 21:47:37
140,Mount Gambier,-37.8333,140.7667,57.11,94,100,8.05,AU,2022-10-21 21:47:37
141,Tera,14.0078,0.7531,87.82,21,9,4.21,NE,2022-10-21 21:48:08
142,Natal,-5.795,-35.2094,77.22,78,20,9.22,BR,2022-10-21 21:48:09
143,Sur,22.5667,59.5289,79.34,49,0,7.56,OM,2022-10-21 21:48:09
144,Lagoa,39.05,-27.9833,65.19,73,100,30.0,PT,2022-10-21 21:48:10
145,Provideniya,64.3833,-173.3,34.57,95,83,8.48,RU,2022-10-21 21:48:10
146,Zhuhai,22.2769,113.5678,74.91,83,0,6.91,CN,2022-10-21 21:48:11
147,Balkanabat,39.5108,54.3671,64.53,65,69,12.41,TM,2022-10-21 21:48:11
148,Taksimo,56.3444,114.8794,18.68,85,42,2.46,RU,2022-10-21 21:48:12
149,Rundu,-17.9333,19.7667,74.55,39,30,1.41,NA,2022-10-21 21:48:13
150,Tromso,69.6496,18.957,42.82,81,75,19.57,NO,2022-10-21 21:48:13
151,Victor Harbor,-35.5667,138.6167,60.67,88,70,3.8,AU,2022-10-21 21:48:14
152,Yerbogachen,61.2767,108.0108,27.21,96,95,3.71,RU,2022-10-21 21:48:14
153,Sangar,63.9242,127.4739,14.02,96,100,2.93,RU,2022-10-21 21:48:15
154,Petropavlovsk-Kamchatskiy,53.0452,158.6483,28.99,80,75,4.47,RU,2022-10-21 21:48:15
155,Tazovskiy,67.4667,78.7,29.93,88,100,13.73,RU,2022-10-21 21:48:16
156,Ornskoldsvik,63.2909,18.7153,38.35,100,100,3.44,SE,2022-10-21 21:48:17
157,Te Anau,-45.4167,167.7167,51.3,67,18,2.68,NZ,2022-10-21 21:48:17
158,Abalak,58.1286,68.5944,33.15,83,100,6.13,RU,2022-10-21 21:48:18
159,Port Lincoln,-34.7333,135.8667,59.77,77,98,4.79,AU,2022-10-21 21:48:18
160,Ijevan,40.8783,45.1492,48.36,89,100,1.7,AM,2022-10-21 21:48:19
161,Gravdal,68.1214,13.5031,40.89,93,40,2.3,NO,2022-10-21 21:48:20
162,Mar Del Plata,-38.0023,-57.5575,56.08,83,100,18.41,AR,2022-10-21 21:43:35
163,Arraial Do Cabo,-22.9661,-42.0278,75.16,83,75,18.41,BR,2022-10-21 21:48:21
164,Faanui,-16.4833,-151.75,79.59,75,9,16.64,PF,2022-10-21 21:48:22
165,Atambua,-9.1061,124.8925,76.6,77,100,1.97,ID,2022-10-21 21:48:23
166,Hami,42.8,93.45,45.81,38,0,2.15,CN,2022-10-21 21:48:23
167,Yashan,22.1975,109.9419,68.18,70,76,2.15,CN,2022-10-21 21:48:24
168,Saldanha,-33.0117,17.9442,59.05,77,21,22.59,ZA,2022-10-21 21:48:25
169,Hithadhoo,-0.6,73.0833,80.67,77,99,9.4,MV,2022-10-21 21:48:25
170,Cabo San Lucas,22.8909,-109.9124,89.62,75,79,7.47,MX,2022-10-21 21:46:00
171,Fuxin,42.0156,121.6589,44.67,56,0,7.67,CN,2022-10-21 21:48:26
172,Ballina,-28.8667,153.5667,67.78,99,100,16.58,AU,2022-10-21 21:48:27
173,Molos,38.8167,22.65,59.76,84,1,1.39,GR,2022-10-21 21:48:27
174,Marabba,12.35,32.1833,81.05,62,94,10.83,SD,2022-10-21 21:48:28
175,Antofagasta,-23.65,-70.4,61.88,72,17,4.9,CL,2022-10-21 21:48:28
176,Takoradi,4.8845,-1.7554,76.93,89,41,6.58,GH,2022-10-21 21:48:29
177,Tiksi,71.6872,128.8694,12.72,95,93,5.3,RU,2022-10-21 21:48:30
178,Bow Island,49.8668,-111.3684,45.66,70,100,10.36,CA,2022-10-21 21:45:02
179,Bluff,-46.6,168.3333,56.8,65,24,10.65,NZ,2022-10-21 21:48:30
180,Victoriaville,46.0501,-71.9658,44.51,70,6,6.98,CA,2022-10-21 21:45:30
181,Port Elizabeth,-33.918,25.5701,62.89,97,100,10.36,ZA,2022-10-21 21:48:31
182,Bealanana,-14.55,48.7333,56.3,98,72,2.73,MG,2022-10-21 21:48:32
183,Baie-Comeau,49.2168,-68.1489,46.08,66,0,18.41,CA,2022-10-21 21:48:32
184,Jinchang,38.4953,102.1739,46.0,39,100,2.98,CN,2022-10-21 21:48:33
185,Dukat,62.55,155.55,-2.94,99,99,4.36,RU,2022-10-21 21:48:33
186,Wattegama,6.7989,81.4808,73.87,93,100,0.65,LK,2022-10-21 21:48:34
187,Binzhou,37.3667,118.0167,55.63,62,3,7.05,CN,2022-10-21 21:48:34
188,Naze,28.3667,129.4833,74.32,85,100,16.53,JP,2022-10-21 21:49:05
189,Raudeberg,61.9875,5.1352,41.67,55,100,5.88,NO,2022-10-21 21:49:05
190,Carberry,49.8689,-99.3602,55.63,36,100,16.49,CA,2022-10-21 21:49:06
191,Lysyye Gory,51.5506,44.8414,37.65,76,97,8.14,RU,2022-10-21 21:49:07
192,Iqaluit,63.7506,-68.5145,35.33,87,75,18.01,CA,2022-10-21 21:46:03
193,Hambantota,6.1241,81.1185,75.54,100,100,2.3,LK,2022-10-21 21:49:08
194,Zyryanskoye,56.8306,86.6258,44.92,88,100,13.47,RU,2022-10-21 21:49:09
195,Bonthe,7.5264,-12.505,76.96,87,49,4.94,SL,2022-10-21 21:49:09
196,Katsuura,35.1333,140.3,70.09,70,100,15.05,JP,2022-10-21 21:49:11
197,Sao Filipe,14.8961,-24.4956,78.58,80,8,4.83,CV,2022-10-21 21:49:11
198,Longyearbyen,78.2186,15.6401,24.64,63,20,16.11,SJ,2022-10-21 21:49:12
199,Lubbock,33.6001,-101.8338,84.38,20,20,17.27,US,2022-10-21 21:48:54
200,Verkhnyaya Toyma,62.2349,44.9985,29.44,93,8,7.0,RU,2022-10-21 21:49:14
201,Poya,-21.35,165.15,76.78,65,100,8.39,NC,2022-10-21 21:49:14
202,Alta Floresta,-9.8756,-56.0861,73.24,95,99,3.24,BR,2022-10-21 21:49:15
203,Pandamatenga,-18.5278,25.627,73.69,42,14,4.99,BW,2022-10-21 21:49:16
204,Baraki Barak,33.9675,68.9486,51.57,27,39,0.16,AF,2022-10-21 21:49:17
205,Turukhansk,65.8167,87.9833,33.53,98,100,16.84,RU,2022-10-21 21:49:17
206,Adrar,20.5022,-10.0711,85.3,13,96,10.96,MR,2022-10-21 21:49:18
207,Constitucion,-35.3333,-72.4167,57.42,65,0,15.35,CL,2022-10-21 21:49:19
208,Waw,7.7029,27.9953,71.37,90,98,3.47,SS,2022-10-21 21:49:19
209,Bambous Virieux,-20.3428,57.7575,74.21,88,40,6.91,MU,2022-10-21 21:49:20
210,Muncar,-8.4333,114.3333,76.12,90,100,1.57,ID,2022-10-21 21:49:21
211,Kutum,14.2,24.6667,75.02,23,30,7.81,SD,2022-10-21 21:49:21
212,Golspie,57.9727,-3.978,53.74,95,100,5.57,GB,2022-10-21 21:49:22
213,Husavik,66.0449,-17.3389,29.28,83,98,8.37,IS,2022-10-21 21:49:22
214,Kaseda,31.4167,130.3167,67.59,79,70,8.77,JP,2022-10-21 21:49:23
215,Ryotsu,38.0833,138.4333,63.19,74,25,11.16,JP,2022-10-21 21:49:23
216,Egvekinot,66.3167,-179.1667,25.81,94,100,5.44,RU,2022-10-21 21:49:24
217,Labuhan,-6.8844,112.2051,78.17,83,100,4.38,ID,2022-10-21 21:49:25
218,Pryazha,61.6926,33.6216,22.23,84,67,3.09,RU,2022-10-21 21:49:26
219,Mandalgovi,45.7625,106.2708,32.49,44,0,8.37,MN,2022-10-21 21:49:26
220,Gat,31.61,34.7642,71.82,100,33,5.93,IL,2022-10-21 21:49:27
221,Salalah,17.0151,54.0924,78.89,69,20,2.3,OM,2022-10-21 21:49:28
222,Castro,-24.7911,-50.0119,61.52,94,57,5.66,BR,2022-10-21 21:49:29
223,Ler,8.3018,30.1418,70.9,86,100,2.3,SS,2022-10-21 21:49:29
224,Jawhar,2.7809,45.5005,74.61,85,67,8.61,SO,2022-10-21 21:49:30
225,New London,41.4834,-72.0662,62.55,56,0,13.8,US,2022-10-21 21:49:30
226,Flin Flon,54.7682,-101.865,44.44,53,75,11.5,CA,2022-10-21 21:49:31
227,Kalmunai,7.4167,81.8167,75.4,90,100,7.54,LK,2022-10-21 21:49:31
228,Nsanje,-16.92,35.262,75.6,71,26,6.8,MW,2022-10-21 21:49:32
229,Ponnani,10.767,75.9252,74.52,92,100,4.52,IN,2022-10-21 21:49:32
230,Semme,46.1963,1.5007,59.41,94,100,4.61,FR,2022-10-21 21:49:33
231,Thompson,55.7435,-97.8558,39.36,60,100,13.8,CA,2022-10-21 21:49:34
232,Manoel Urbano,-8.8389,-69.2597,83.97,62,100,2.71,BR,2022-10-21 21:49:34
233,Avarua,-21.2078,-159.775,80.65,78,75,13.8,CK,2022-10-21 21:44:39
234,Nioro,13.35,-15.75,77.67,85,75,5.37,GM,2022-10-21 21:50:05
235,Saint-Joseph,-21.3667,55.6167,70.18,81,28,8.81,RE,2022-10-21 21:50:06
236,Biak,-0.9131,122.8766,76.95,81,86,1.25,ID,2022-10-21 21:50:07
237,Saskylakh,71.9167,114.0833,15.3,94,100,4.61,RU,2022-10-21 21:50:08
238,Butaritari,3.0707,172.7902,80.98,78,12,13.06,KI,2022-10-21 21:50:09
239,Bengkulu,-3.8004,102.2655,75.16,92,99,4.7,ID,2022-10-21 21:50:09
240,Ishigaki,24.3448,124.1572,78.93,100,75,3.44,JP,2022-10-21 21:50:10
241,Codrington,-38.2667,141.9667,58.91,93,100,10.74,AU,2022-10-21 21:50:10
242,Clyde River,70.4692,-68.5914,26.83,100,100,12.66,CA,2022-10-21 21:50:11
243,Jalu,29.0331,21.5482,69.69,51,0,6.8,LY,2022-10-21 21:50:12
244,Isla Mujeres,21.2311,-86.731,80.17,55,13,11.95,MX,2022-10-21 21:50:12
245,Kayankulam,9.1833,76.5,75.96,92,100,2.37,IN,2022-10-21 21:50:13
246,Ostrovnoy,68.0531,39.5131,30.85,84,100,10.13,RU,2022-10-21 21:50:14
247,Elizabeth City,36.2946,-76.2511,66.2,55,0,6.91,US,2022-10-21 21:50:15
248,Kingman,35.1894,-114.053,82.18,24,0,13.8,US,2022-10-21 21:50:15
249,Bilma,18.6853,12.9164,75.72,21,0,9.51,NE,2022-10-21 21:50:16
250,Kloulklubed,7.0419,134.2556,83.32,75,87,6.6,PW,2022-10-21 21:50:17
251,Igurubi,-4.0,33.7,76.28,29,12,12.97,TZ,2022-10-21 21:50:18
252,Lisakovsk,52.5369,62.4936,47.03,89,100,4.23,KZ,2022-10-21 21:50:18
253,Ponta Do Sol,32.6667,-17.1,72.23,90,85,4.97,PT,2022-10-21 21:50:19
254,Koumac,-20.5667,164.2833,79.03,62,100,7.63,NC,2022-10-21 21:50:20
255,Eureka,40.8021,-124.1637,74.68,79,81,3.0,US,2022-10-21 21:45:35
256,Severobaykalsk,55.65,109.3167,29.86,82,99,2.33,RU,2022-10-21 21:50:21
257,Sinnamary,5.3833,-52.95,80.53,82,97,8.5,GF,2022-10-21 21:50:22
258,Katangli,51.7102,143.2326,29.68,69,1,9.4,RU,2022-10-21 21:50:22
259,Esperantina,-3.9017,-42.2336,84.09,58,96,10.22,BR,2022-10-21 21:50:23
260,Samarai,-10.6167,150.6667,82.78,76,18,6.58,PG,2022-10-21 21:50:24
261,Alice Springs,-23.7,133.8833,67.55,56,0,0.0,AU,2022-10-21 21:49:07
262,Norman Wells,65.282,-126.8329,26.64,86,100,2.3,CA,2022-10-21 21:50:25
263,Qinzhou,21.95,108.6167,69.03,89,19,5.95,CN,2022-10-21 21:50:26
264,Cockburn Town,21.4612,-71.1419,83.17,74,15,13.56,TC,2022-10-21 21:49:39
265,Huai Yot,7.7893,99.6348,73.62,96,100,1.54,TH,2022-10-21 21:50:27
266,Manuk Mangkaw,4.8,119.85,83.1,72,100,3.47,PH,2022-10-21 21:50:28
267,Tomatlan,19.9333,-105.25,82.63,81,80,4.81,MX,2022-10-21 21:50:28
268,Harper,4.375,-7.7169,76.6,87,88,5.86,LR,2022-10-21 21:50:29
269,Namatanai,-3.6667,152.4333,83.73,69,66,4.94,PG,2022-10-21 21:50:29
270,Susanville,40.4163,-120.653,76.91,19,0,21.85,US,2022-10-21 21:46:33
271,Grand-Santi,4.25,-54.3833,82.49,62,100,5.14,GF,2022-10-21 21:50:30
272,Acapulco,16.8634,-99.8901,78.15,88,99,3.85,MX,2022-10-21 21:50:31
273,Coahuayana,18.7333,-103.6833,77.74,89,100,4.81,MX,2022-10-21 21:50:31
274,Hasanabad,36.5465,61.0543,74.57,19,81,5.75,IR,2022-10-21 21:50:32
275,Namibe,-15.1961,12.1522,67.32,85,17,5.01,AO,2022-10-21 21:50:33
276,Launceston,-41.45,147.1667,64.04,94,100,9.22,AU,2022-10-21 21:49:47
277,Karratha,-20.7377,116.8463,72.36,58,0,12.86,AU,2022-10-21 21:50:34
278,Saint George,37.1041,-113.5841,81.43,20,0,7.0,US,2022-10-21 21:50:34
279,Ternate,0.8,127.4,81.25,79,93,3.74,ID,2022-10-21 21:50:35
280,Candido Mendes,-1.4467,-45.7167,77.49,86,36,4.63,BR,2022-10-21 21:50:36
281,Lata,40.1629,-8.3327,64.81,95,40,4.88,PT,2022-10-21 21:50:37
282,Pustoshka,56.3355,29.369,39.63,85,100,3.56,RU,2022-10-21 21:51:07
283,Puerto Leguizamo,-0.1934,-74.7819,82.8,74,94,2.08,CO,2022-10-21 21:51:08
284,Brazzaville,-4.2658,15.2832,78.71,70,94,1.16,CG,2022-10-21 21:48:54
285,Camacha,33.0833,-16.3333,65.62,83,20,6.91,PT,2022-10-21 21:51:09
286,Cherskiy,68.75,161.3,10.9,96,100,7.09,RU,2022-10-21 21:51:10
287,Diffa,13.3154,12.6113,83.57,21,61,8.08,NE,2022-10-21 21:51:10
288,Lompoc,34.6391,-120.4579,84.34,79,0,16.11,US,2022-10-21 21:51:11
289,Yumen,40.2833,97.2,39.85,44,0,1.19,CN,2022-10-21 21:51:12
290,Vila Franca Do Campo,37.7167,-25.4333,66.61,79,100,21.21,PT,2022-10-21 21:51:12
291,Waingapu,-9.6567,120.2641,80.83,80,71,0.63,ID,2022-10-21 21:51:13
292,Urambo,-5.0667,32.05,79.38,30,100,3.8,TZ,2022-10-21 21:51:14
293,Esmeraldas,-19.7625,-44.3139,75.31,73,96,5.17,BR,2022-10-21 21:51:15
294,Dublin,37.7021,-121.9358,81.66,46,0,17.27,US,2022-10-21 21:47:26
295,Charters Towers,-20.1,146.2667,75.13,68,0,2.82,AU,2022-10-21 21:51:16
296,Port Macquarie,-31.4333,152.9167,67.89,81,100,16.42,AU,2022-10-21 21:51:16
297,Payson,40.0444,-111.7321,75.42,15,0,5.99,US,2022-10-21 21:51:17
298,Seshcha,53.7361,33.3387,39.4,85,100,5.73,RU,2022-10-21 21:51:18
299,Coihaique,-45.5752,-72.0662,55.35,26,0,9.22,CL,2022-10-21 21:48:41
300,Kuna,43.4918,-116.4201,70.36,36,0,1.01,US,2022-10-21 21:51:19
301,Mwinilunga,-11.7358,24.4293,68.05,53,61,0.74,ZM,2022-10-21 21:51:20
302,Dong Hoi,17.4833,106.6,74.37,96,100,8.23,VN,2022-10-21 21:51:21
303,Ahipara,-35.1667,173.1667,63.01,61,71,11.41,NZ,2022-10-21 21:51:22
304,Tuatapere,-46.1333,167.6833,53.96,52,10,1.52,NZ,2022-10-21 21:51:23
305,Asuncion Nochixtlan,17.4667,-97.2333,64.0,75,92,2.84,MX,2022-10-21 21:51:24
306,Keroka,-0.7758,34.9453,53.53,65,81,5.23,KE,2022-10-21 21:51:24
307,Orleans,30.0335,-89.9501,78.85,52,20,10.36,US,2022-10-21 21:51:25
308,Tessalit,20.1986,1.0114,79.81,17,81,6.42,ML,2022-10-21 21:51:25
309,Adilabad,19.6667,78.5333,64.74,79,4,3.58,IN,2022-10-21 21:51:26
310,Port Blair,11.6667,92.75,77.04,94,75,0.0,IN,2022-10-21 21:51:27
311,Araouane,18.9048,-3.5265,85.95,16,100,9.22,ML,2022-10-21 21:51:27
312,Anahuac,27.2333,-100.15,85.21,24,0,10.09,MX,2022-10-21 21:51:28
313,Anadyr,64.75,177.4833,30.7,93,75,15.66,RU,2022-10-21 21:51:29
314,Garden City,42.3256,-83.331,71.51,34,40,18.41,US,2022-10-21 21:51:29
315,Anloga,5.7947,0.8973,79.3,85,14,8.99,GH,2022-10-21 21:51:30
316,Tilichiki,60.4667,166.1,15.44,87,77,5.23,RU,2022-10-21 21:51:31
317,Richards Bay,-28.783,32.0377,70.21,92,5,4.85,ZA,2022-10-21 21:51:31
318,Victoria,22.2855,114.1577,75.38,82,99,5.01,HK,2022-10-21 21:51:32
319,Princeton,25.5384,-80.4089,80.02,70,100,16.11,US,2022-10-21 21:51:32
320,Rio De Janeiro,-22.9028,-43.2075,76.96,83,100,11.5,BR,2022-10-21 21:49:44
321,Aykhal,66.0,111.5,17.82,96,94,11.1,RU,2022-10-21 21:51:33
322,Santa Isabel Do Rio Negro,-0.4139,-65.0192,81.01,79,100,2.46,BR,2022-10-21 21:51:33
323,Ashikaga,36.3333,139.45,54.93,52,100,1.41,JP,2022-10-21 21:51:34
324,Kyabe,9.4515,18.9449,71.67,95,99,4.45,TD,2022-10-21 21:51:35
325,Empalme,27.9667,-110.8167,95.34,48,52,7.87,MX,2022-10-21 21:51:35
326,Roald,62.5833,6.1333,43.75,93,0,5.75,NO,2022-10-21 21:51:36
327,Fort Saint James,54.4333,-124.25,48.51,40,49,5.79,CA,2022-10-21 21:52:06
328,Lulea,65.5842,22.1547,37.47,100,100,3.44,SE,2022-10-21 21:52:07
329,Pangnirtung,66.1451,-65.7125,33.8,80,100,6.91,CA,2022-10-21 21:52:08
330,Nemuro,43.3236,145.575,58.35,87,0,15.97,JP,2022-10-21 21:52:09
331,Ixtapa,20.7,-105.2,87.22,70,100,10.36,MX,2022-10-21 21:49:41
332,Privolzhskiy,51.4,46.0333,36.3,59,100,14.92,RU,2022-10-21 21:52:10
333,Reguengos De Monsaraz,38.4253,-7.5349,61.23,93,100,6.29,PT,2022-10-21 21:52:10
334,Narrabri,-30.3167,149.7833,66.52,84,100,1.99,AU,2022-10-21 21:52:11
335,Kampot,10.6167,104.1833,77.05,90,100,3.31,KH,2022-10-21 21:52:12
336,Comodoro Rivadavia,-45.8667,-67.5,67.86,12,0,14.97,AR,2022-10-21 21:52:13
337,Brcko,44.8728,18.8083,55.76,50,82,4.29,BA,2022-10-21 21:52:13
338,Huntsville,34.7304,-86.5861,75.0,38,0,11.5,US,2022-10-21 21:52:03
339,Afyonkarahisar,38.75,30.6667,43.75,48,0,5.17,TR,2022-10-21 21:52:14
340,Dakar,14.6937,-17.4441,82.53,83,0,2.3,SN,2022-10-21 21:52:15
341,Punta Alta,-38.8759,-62.0736,48.67,74,100,13.44,AR,2022-10-21 21:52:15
342,Motta Di Livenza,45.7781,12.6028,65.37,99,100,4.99,IT,2022-10-21 21:52:16
343,Luena,-11.7833,19.9167,64.45,76,67,4.68,AO,2022-10-21 21:52:16
344,Lakselv,70.0513,24.9718,37.22,81,100,12.66,NO,2022-10-21 21:52:17
345,Griffith,41.5284,-87.4237,78.1,34,0,16.11,US,2022-10-21 21:52:18
346,San Marcos,33.1434,-117.1661,86.22,66,0,9.22,US,2022-10-21 21:49:09
347,Calamar,10.2511,-74.9146,80.51,86,100,6.85,CO,2022-10-21 21:52:19
348,Kupang,-10.1667,123.5833,80.22,79,75,3.0,ID,2022-10-21 21:50:11
349,Santa Rosa,14.3122,121.1114,80.58,91,98,3.65,PH,2022-10-21 21:52:20
350,Broome,42.2506,-75.833,57.79,33,0,9.22,US,2022-10-21 21:52:20
351,Zhigansk,66.7697,123.3711,8.33,96,62,5.1,RU,2022-10-21 21:52:21
352,Dunkirk,51.05,2.3667,60.1,81,90,15.79,FR,2022-10-21 21:52:22
353,Opuwo,-18.0607,13.84,78.46,28,82,5.1,NA,2022-10-21 21:52:22
354,Skibotn,69.3913,20.2679,39.6,98,100,6.64,NO,2022-10-21 21:52:23
355,Kudahuvadhoo,2.6708,72.8944,81.52,72,90,14.67,MV,2022-10-21 21:52:24
356,Gillette,44.2911,-105.5022,74.1,16,0,14.97,US,2022-10-21 21:51:05
357,Lindi,-10.0,39.7167,72.55,85,59,5.68,TZ,2022-10-21 21:52:25
358,Luau,-10.7073,22.2247,70.36,65,55,5.32,AO,2022-10-21 21:52:25
359,Nzega,-2.479,29.5564,56.52,88,100,4.79,RW,2022-10-21 21:52:26
360,Weligama,5.9667,80.4167,75.16,91,100,6.89,LK,2022-10-21 21:52:26
361,Huarmey,-10.0681,-78.1522,65.41,73,64,10.74,PE,2022-10-21 21:52:27
362,Gazanjyk,39.2446,55.5154,62.94,81,53,9.28,TM,2022-10-21 21:52:28
363,Yulara,-25.2406,130.9889,78.21,19,42,7.29,AU,2022-10-21 21:52:28
364,Upington,-28.4478,21.2561,68.38,73,100,2.3,ZA,2022-10-21 21:52:29
365,Talnakh,69.4865,88.3972,34.21,97,100,15.88,RU,2022-10-21 21:52:29
366,Nanortalik,60.1432,-45.2371,41.22,87,100,17.72,GL,2022-10-21 21:52:30
367,Port-Gentil,-0.7193,8.7815,78.84,82,41,8.97,GA,2022-10-21 21:52:30
368,Wuxi,31.5689,120.2886,62.94,86,0,1.81,CN,2022-10-21 21:52:31
369,Olafsvik,64.8945,-23.7142,39.25,71,94,1.54,IS,2022-10-21 21:52:31
370,Dzaoudzi,-12.7887,45.2699,75.09,83,0,4.61,YT,2022-10-21 21:52:32
371,Krasnotorka,48.682,37.5327,38.79,77,9,3.85,UA,2022-10-21 21:52:32
372,Erzin,36.9559,36.2,64.26,60,5,3.24,TR,2022-10-21 21:52:33
373,Mandan,46.8267,-100.8896,59.81,69,0,8.05,US,2022-10-21 21:48:01
374,Vao,-22.6667,167.4833,71.96,63,100,22.37,NC,2022-10-21 21:52:34
375,Panaba,21.2833,-88.2667,78.84,48,62,11.99,MX,2022-10-21 21:53:05
376,Cauquenes,-35.9671,-72.3225,64.49,45,0,5.21,CL,2022-10-21 21:53:05
377,Chuy,-33.6971,-53.4616,59.0,95,66,7.36,UY,2022-10-21 21:53:06
378,San Patricio,28.017,-97.5169,85.53,42,0,15.3,US,2022-10-21 21:53:07
379,Bandarbeyla,9.4942,50.8122,77.49,87,34,9.75,SO,2022-10-21 21:53:08
380,Guaymas,27.9333,-110.9,92.88,54,55,7.25,MX,2022-10-21 21:53:08
381,Kochubey,44.3861,46.5825,47.77,57,3,18.57,RU,2022-10-21 21:53:09
382,Sao Jose Da Coroa Grande,-8.8978,-35.1478,76.15,79,26,7.61,BR,2022-10-21 21:53:10
383,Winneba,5.3511,-0.6231,77.25,88,77,7.05,GH,2022-10-21 21:53:10
384,Necochea,-38.5473,-58.7368,46.85,81,100,13.49,AR,2022-10-21 21:53:11
385,Gunnedah,-30.9833,150.25,65.26,85,100,8.55,AU,2022-10-21 21:53:12
386,Vila Velha,-20.3297,-40.2925,76.95,84,20,18.41,BR,2022-10-21 21:49:58
387,Elk Point,42.6833,-96.6836,75.88,18,3,3.47,US,2022-10-21 21:53:13
388,Aripuana,-9.1667,-60.6333,77.43,78,95,3.42,BR,2022-10-21 21:51:05
389,Lavrentiya,65.5833,-171.0,34.32,94,100,4.5,RU,2022-10-21 21:53:14
390,Saint-Junien,45.8833,0.9,61.38,91,100,3.24,FR,2022-10-21 21:53:15
391,Ambilobe,-13.2,49.05,68.61,80,13,4.65,MG,2022-10-21 21:53:16
392,Kenai,60.5544,-151.2583,44.69,88,0,3.44,US,2022-10-21 21:53:16
393,Okhotsk,59.3833,143.3,21.96,58,40,14.56,RU,2022-10-21 21:53:17
394,Ati,13.2154,18.3353,90.91,31,85,5.14,TD,2022-10-21 21:53:17
395,Havelock,34.8791,-76.9013,66.16,65,75,5.75,US,2022-10-21 21:53:18
396,Half Moon Bay,37.4636,-122.4286,74.48,71,75,14.97,US,2022-10-21 21:53:18
397,Banting,2.8167,101.5,78.84,93,98,2.64,MY,2022-10-21 21:53:19
398,Hazorasp,41.3194,61.0742,66.04,17,99,11.12,UZ,2022-10-21 21:53:20
399,Kuito,-12.3833,16.9333,62.1,83,100,8.08,AO,2022-10-21 21:53:20
400,Vila,42.0304,-8.1588,50.88,92,83,7.49,PT,2022-10-21 21:53:21
401,Maumere,-8.6199,122.2111,80.82,81,91,3.0,ID,2022-10-21 21:53:22
402,Sao Borja,-28.6606,-56.0044,66.94,73,63,8.79,BR,2022-10-21 21:53:23
403,Hammerfest,70.6634,23.6821,39.65,75,40,8.05,NO,2022-10-21 21:53:23
404,Zaragoza,41.6561,-0.8773,65.01,75,20,1.99,ES,2022-10-21 21:53:24
405,Taraza,7.5836,-75.4007,78.13,94,99,1.19,CO,2022-10-21 21:53:24
406,Brigham City,41.5102,-112.0155,75.07,18,0,13.0,US,2022-10-21 21:53:25
407,Soure,-0.7167,-48.5233,81.43,79,49,16.26,BR,2022-10-21 21:53:26
408,Correia Pinto,-27.5847,-50.3611,56.84,98,4,3.87,BR,2022-10-21 21:53:26
409,Shihezi,44.3,86.0333,47.61,42,25,0.29,CN,2022-10-21 21:53:27
410,Doka,13.5167,35.7667,78.8,50,12,3.94,SD,2022-10-21 21:53:28
411,Rovaniemi,66.5,25.7167,33.21,80,100,5.75,FI,2022-10-21 21:53:28
412,Ulladulla,-35.35,150.4667,65.3,85,21,6.4,AU,2022-10-21 21:53:29
413,Ust-Kuyga,70.0167,135.6,-7.78,100,100,6.13,RU,2022-10-21 21:53:30
414,Brownfield,33.1812,-102.2744,83.95,16,0,14.83,US,2022-10-21 21:49:39
415,Novobelokatay,55.7062,58.9549,32.43,83,100,6.85,RU,2022-10-21 21:53:30
416,Svetlyy,54.675,20.1347,41.05,61,100,8.25,RU,2022-10-21 21:53:31
417,Urumqi,43.801,87.6005,40.15,75,0,4.47,CN,2022-10-21 21:53:32
418,Christchurch,-43.5333,172.6333,58.41,58,0,10.36,NZ,2022-10-21 21:50:05
419,Fairbanks,64.8378,-147.7164,34.61,95,100,10.36,US,2022-10-21 21:50:44
420,Siyabuswa,-25.1132,29.0445,72.64,49,96,6.46,ZA,2022-10-21 21:53:33
421,Hobe Sound,27.0595,-80.1364,76.98,71,75,11.5,US,2022-10-21 21:53:33
422,Beloha,-25.1667,45.05,71.11,83,3,7.09,MG,2022-10-21 21:54:04
423,Tautira,-17.7333,-149.15,77.23,80,53,17.96,PF,2022-10-21 21:54:05
424,Shelburne,44.0787,-80.2041,59.76,59,5,18.81,CA,2022-10-21 21:54:06
425,Viedma,-40.8135,-62.9967,50.2,41,23,10.96,AR,2022-10-21 21:50:28
426,Aleksandrovsk-Sakhalinskiy,50.8975,142.1561,33.58,62,100,4.34,RU,2022-10-21 21:54:07
427,Tahoua,14.8888,5.2692,83.05,18,17,8.59,NE,2022-10-21 21:54:08
428,Cayenne,4.9333,-52.3333,82.44,78,0,3.44,GF,2022-10-21 21:54:09
429,Luangwa,-15.6167,30.4167,76.87,46,9,3.13,ZM,2022-10-21 21:54:10
430,Haines Junction,60.7522,-137.5108,42.75,61,100,3.44,CA,2022-10-21 21:54:10
431,Port Shepstone,-30.7414,30.455,70.93,89,100,8.43,ZA,2022-10-21 21:54:11
432,Guanare,9.0418,-69.7421,83.17,72,57,1.5,VE,2022-10-21 21:54:12
433,Porto Novo,6.4965,2.6036,80.42,84,49,5.7,BJ,2022-10-21 21:54:13
434,Llangefni,53.2556,-4.3106,58.86,88,100,12.66,GB,2022-10-21 21:54:13
435,Portland,45.5234,-122.6762,51.84,90,100,1.99,US,2022-10-21 21:54:00
436,Zheleznodorozhnyy,55.7503,38.0042,41.22,83,100,3.87,RU,2022-10-21 21:54:14
437,Berbera,10.4396,45.0143,82.4,70,1,6.8,SO,2022-10-21 21:54:15
438,Vestmannaeyjar,63.4427,-20.2734,41.23,64,77,6.8,IS,2022-10-21 21:54:16
439,Zeya,53.75,127.2667,26.83,70,93,3.98,RU,2022-10-21 21:51:49
440,Alyangula,-13.8483,136.4192,84.07,84,40,4.61,AU,2022-10-21 21:54:17
441,Ca Mau,9.1769,105.15,76.26,93,100,4.29,VN,2022-10-21 21:54:17
442,Pimentel,-6.8367,-79.9342,68.29,64,0,20.71,PE,2022-10-21 21:54:18
443,Faya,18.3851,42.4509,60.91,63,0,2.8,SA,2022-10-21 21:54:19
444,Suntar,62.1444,117.6319,19.47,98,100,2.95,RU,2022-10-21 21:54:20
445,Benalla,-36.55,145.9833,64.15,95,97,10.02,AU,2022-10-21 21:54:21
446,Encarnacion,-27.3333,-55.9,73.92,73,75,9.22,PY,2022-10-21 21:54:22
447,Taltal,-25.4,-70.4833,61.21,68,23,4.21,CL,2022-10-21 21:54:22
448,Beringovskiy,63.05,179.3167,33.01,95,98,4.32,RU,2022-10-21 21:54:23
449,Los Llanos De Aridane,28.6585,-17.9182,68.13,85,0,3.44,ES,2022-10-21 21:52:56
450,Quang Ngai,15.1167,108.8,74.19,90,48,6.2,VN,2022-10-21 21:54:24
451,Mocuba,-16.8392,36.9856,71.24,89,4,4.14,MZ,2022-10-21 21:54:25
452,Tulsipur,28.131,82.2973,62.01,69,0,5.46,NP,2022-10-21 21:54:26
453,Ishinomaki,38.4167,141.3,51.8,63,47,5.7,JP,2022-10-21 21:54:26
454,Kangaatsiaq,68.3065,-53.4641,38.21,91,100,9.08,GL,2022-10-21 21:54:27
455,Praia Da Vitoria,38.7333,-27.0667,65.75,100,75,26.64,PT,2022-10-21 21:54:28
456,Plessisville,46.2186,-71.762,43.27,73,5,5.79,CA,2022-10-21 21:54:28
457,Salisbury,51.0693,-1.7957,60.66,95,75,13.8,GB,2022-10-21 21:52:02
458,Qianan,44.9932,124.0581,41.61,76,95,5.48,CN,2022-10-21 21:54:30
459,Margate,51.3813,1.3862,63.9,85,91,8.01,GB,2022-10-21 21:52:35
460,Tortoli,39.9256,9.6572,67.82,83,0,10.36,IT,2022-10-21 21:54:31
461,Lere,10.387,8.5726,70.21,44,66,2.46,NG,2022-10-21 21:54:32
462,Corinth,37.9407,22.9573,56.89,74,0,3.85,GR,2022-10-21 21:54:32
463,Turbat,26.0023,63.044,76.1,69,0,4.23,PK,2022-10-21 21:54:33
464,Ergani,38.2653,39.7621,57.27,53,92,4.27,TR,2022-10-21 21:54:33
465,Ortona,42.3496,14.4039,67.39,60,63,3.85,IT,2022-10-21 21:55:04
466,Ponta Delgada,37.7333,-25.6667,66.92,72,75,27.63,PT,2022-10-21 21:55:05
467,Port Augusta,-32.5,137.7667,64.76,79,94,6.46,AU,2022-10-21 21:55:06
468,Uvinza,-5.1036,30.3911,72.88,62,97,1.77,TZ,2022-10-21 21:55:07
469,Hualmay,-11.0964,-77.6139,64.49,73,51,9.91,PE,2022-10-21 21:55:07
470,Mago,53.2514,140.1822,28.04,75,23,4.0,RU,2022-10-21 21:55:08
471,Florianopolis,-27.6146,-48.5012,67.23,94,75,16.11,BR,2022-10-21 21:55:09
472,Vandoeuvre-Les-Nancy,48.65,6.1833,60.48,85,0,5.75,FR,2022-10-21 21:55:09
473,Jaru,-10.4389,-62.4664,78.84,82,80,5.17,BR,2022-10-21 21:50:46
474,Gympie,-26.1898,152.665,65.73,97,100,6.8,AU,2022-10-21 21:55:10
475,Cashel,52.5158,-7.8856,56.89,93,96,11.68,IE,2022-10-21 21:55:11
476,Sitka,57.0531,-135.33,47.66,70,58,5.7,US,2022-10-21 21:54:22
477,Onega,63.9061,38.1404,32.88,81,95,6.46,RU,2022-10-21 21:55:12
478,Grants Pass,42.439,-123.3284,74.8,45,40,1.01,US,2022-10-21 21:53:26
479,Hutang,31.5333,119.4833,60.33,72,0,2.75,CN,2022-10-21 21:55:13
480,Mazagao,-0.115,-51.2894,87.85,63,37,7.49,BR,2022-10-21 21:55:14
481,Rzhev,56.2624,34.3282,38.86,94,99,3.4,RU,2022-10-21 21:55:15
482,Sardarshahr,28.4333,74.4833,75.27,37,0,4.21,IN,2022-10-21 21:55:16
483,Orotukan,62.2667,151.7,-0.27,94,100,3.33,RU,2022-10-21 21:55:17
484,Komsomolskiy,40.4272,71.7189,47.12,81,7,4.61,UZ,2022-10-21 21:55:18
485,Dibulla,11.2725,-73.3091,80.94,85,61,4.27,CO,2022-10-21 21:55:18
486,Bonanza,14.0289,-84.591,77.31,92,90,3.22,NI,2022-10-21 21:55:19
487,Slawno,54.3628,16.6789,49.53,87,100,6.93,PL,2022-10-21 21:55:20
488,Masuda,34.6667,131.85,65.46,86,98,5.01,JP,2022-10-21 21:53:08
489,Kenora,49.8167,-94.4337,56.37,41,75,14.97,CA,2022-10-21 21:55:21
490,Adre,13.4667,22.2,80.22,34,54,1.14,TD,2022-10-21 21:55:22
491,Kaspiyskiy,45.3929,47.3707,47.37,62,66,24.2,RU,2022-10-21 21:55:22
492,Chernyshevskiy,63.0128,112.4714,24.55,91,98,3.83,RU,2022-10-21 21:55:23
493,Rawson,-43.3002,-65.1023,55.9,32,0,22.24,AR,2022-10-21 21:50:55
494,Eyl,7.9803,49.8164,77.72,84,66,7.45,SO,2022-10-21 21:55:24
495,Sosnovo-Ozerskoye,52.5249,111.5418,23.31,92,92,3.69,RU,2022-10-21 21:55:24
496,Hasaki,35.7333,140.8333,57.6,67,100,15.84,JP,2022-10-21 21:55:25
497,Xuanhua,40.6103,115.0447,46.56,52,0,12.55,CN,2022-10-21 21:55:26
498,Inta,66.0317,60.1659,30.88,92,100,16.33,RU,2022-10-21 21:55:27
499,Mehran,33.1222,46.1646,79.11,21,17,5.06,IR,2022-10-21 21:55:27
500,Banda Aceh,5.5577,95.3222,79.75,76,100,12.24,ID,2022-10-21 21:55:28
501,Juegang,32.3174,121.1855,67.98,89,1,2.15,CN,2022-10-21 21:55:29
502,Guerande,47.3291,-2.4283,62.02,89,53,19.48,FR,2022-10-21 21:55:29
503,Lubliniec,50.669,18.6844,50.49,83,100,12.68,PL,2022-10-21 21:55:30
504,Omboue,-1.5746,9.2618,76.86,87,75,5.73,GA,2022-10-21 21:55:30
505,Moose Factory,51.2585,-80.6094,44.6,87,100,16.11,CA,2022-10-21 21:55:31
506,Manavalakurichi,8.1333,77.3,75.97,91,100,1.97,IN,2022-10-21 21:55:31
507,Lebyazhye,55.2689,66.4947,33.58,79,15,6.78,RU,2022-10-21 21:55:32
508,Attingal,8.6833,76.8333,78.48,93,100,2.86,IN,2022-10-21 21:55:33
509,Koslan,63.4564,48.8989,31.96,80,100,11.21,RU,2022-10-21 21:55:33
510,Oksfjord,70.2396,22.3479,44.78,92,100,11.92,NO,2022-10-21 21:55:34
511,Batemans Bay,-35.7167,150.1833,65.1,83,33,5.21,AU,2022-10-21 21:55:35
512,Gimli,50.6336,-96.9907,55.42,47,100,10.36,CA,2022-10-21 21:56:05
513,Cognac,45.5,-0.25,59.77,88,0,4.61,FR,2022-10-21 21:56:06
514,Mundo Nuevo,18.7,-95.5,76.59,73,100,10.11,MX,2022-10-21 21:56:07
515,Sydney,-33.8679,151.2073,69.1,86,75,20.71,AU,2022-10-21 21:51:18
516,Bubaque,11.2833,-15.8333,81.95,76,56,9.4,GW,2022-10-21 21:56:07
517,Rivadavia,-33.1905,-68.4608,56.95,55,28,29.91,AR,2022-10-21 21:53:18
518,Berlevag,70.8578,29.0864,32.0,80,100,16.11,NO,2022-10-21 21:56:08
519,Mayo,38.8876,-76.5119,64.2,48,0,1.01,US,2022-10-21 21:56:09
520,Shelabolikha,53.4131,82.6167,49.35,61,100,15.21,RU,2022-10-21 21:56:10
521,Kailua,21.4022,-157.7394,85.06,69,0,9.22,US,2022-10-21 21:56:10
522,Touros,-5.1989,-35.4608,77.76,78,10,17.13,BR,2022-10-21 21:55:49
523,Wajima,37.4,136.9,66.51,72,91,16.67,JP,2022-10-21 21:56:11
524,Jumla,29.2747,82.1838,41.86,77,1,4.16,NP,2022-10-21 21:56:12
525,Uberlandia,-18.9186,-48.2772,70.81,78,75,5.75,BR,2022-10-21 21:56:13
526,Kasongo,-4.45,26.6667,68.34,94,90,3.65,CD,2022-10-21 21:56:13
527,Zhanaozen,43.3,52.8,54.1,58,100,15.1,KZ,2022-10-21 21:56:14
528,Broken Hill,-31.95,141.4333,66.29,71,28,5.77,AU,2022-10-21 21:56:15
529,Ciucea,46.95,22.8167,49.08,42,100,4.21,RO,2022-10-21 21:56:16
530,Chulman,56.8479,124.9104,17.35,96,100,3.42,RU,2022-10-21 21:56:17
531,Pangai,-19.8,-174.35,77.11,83,75,8.05,TO,2022-10-21 21:56:17
532,Klaksvik,62.2266,-6.589,41.92,74,100,18.61,FO,2022-10-21 21:56:18
533,Pedernales,18.0384,-71.744,81.84,73,58,2.06,DO,2022-10-21 21:56:19
534,Walvis Bay,-22.9575,14.5053,60.1,88,1,8.05,NA,2022-10-21 21:56:19
535,Bima,-8.4667,118.7167,79.18,86,99,1.92,ID,2022-10-21 21:56:20
536,Mana,5.6592,-53.7767,80.55,83,89,7.92,GF,2022-10-21 21:56:21
537,Quatre Cocos,-20.2078,57.7625,74.08,80,71,10.45,MU,2022-10-21 21:56:21
538,Hai Duong,20.9333,106.3167,69.8,92,97,7.52,VN,2022-10-21 21:56:22
539,Seymchan,62.8833,152.4333,3.43,92,100,1.23,RU,2022-10-21 21:56:23
540,South Charleston,38.3684,-81.6996,67.15,33,59,3.4,US,2022-10-21 21:56:23
541,Saint-Augustin,51.226,-58.6502,47.43,66,18,15.39,CA,2022-10-21 21:56:24
542,Inhambane,-23.865,35.3833,71.49,85,4,2.91,MZ,2022-10-21 21:56:25
543,Yeppoon,-23.1333,150.7333,74.98,86,64,7.74,AU,2022-10-21 21:56:25
544,Narsaq,60.9167,-46.05,38.26,98,100,7.23,GL,2022-10-21 21:56:26
545,Dickinson,29.4608,-95.0513,84.36,59,0,10.0,US,2022-10-21 21:56:27
546,Coari,-4.085,-63.1414,80.74,81,97,3.69,BR,2022-10-21 21:56:28
547,Kurchum,48.5722,83.6542,45.43,56,96,5.14,KZ,2022-10-21 21:56:28
548,Kawalu,-7.3817,108.2082,72.39,94,98,2.17,ID,2022-10-21 21:56:29
549,Buraydah,26.326,43.975,73.85,14,0,8.19,SA,2022-10-21 21:53:43
550,Shemonaikha,50.6328,81.9056,43.95,70,96,8.23,KZ,2022-10-21 21:56:30
551,Arman,59.7,150.1667,16.25,65,66,9.69,RU,2022-10-21 21:56:31
552,Port Hardy,50.6996,-127.4199,50.18,87,75,3.44,CA,2022-10-21 21:56:32
553,Kedrovoye,57.1576,60.5698,26.04,84,26,6.87,RU,2022-10-21 21:56:32
554,Pandan,14.0453,124.1694,79.74,88,98,6.2,PH,2022-10-21 21:56:33
555,Tsalka,41.5946,44.0891,34.57,81,85,5.88,GE,2022-10-21 21:56:34
556,Matara,5.9485,80.5353,75.15,91,100,6.73,LK,2022-10-21 21:56:34
557,Clonakilty,51.6231,-8.8706,56.08,88,81,24.47,IE,2022-10-21 21:56:35
558,Darhan,49.4867,105.9228,35.44,47,99,1.79,MN,2022-10-21 21:56:35
559,Guozhen,34.3659,107.359,59.23,50,22,3.58,CN,2022-10-21 21:56:36
560,Evensk,61.95,159.2333,12.65,74,84,8.88,RU,2022-10-21 21:57:06
561,Hanzhong,33.0728,107.0303,58.35,72,12,0.78,CN,2022-10-21 21:57:08
562,Ulaangom,49.9811,92.0667,32.65,74,90,1.59,MN,2022-10-21 21:57:08
563,Novyy Svit,47.8059,38.0211,40.05,69,1,5.03,UA,2022-10-21 21:57:09
564,Deputatskiy,69.3,139.9,-5.33,97,97,6.06,RU,2022-10-21 21:57:09
565,Bagdarin,54.4333,113.6,20.61,79,8,2.98,RU,2022-10-21 21:57:10
566,Bentiu,9.2333,29.8333,71.08,86,99,2.93,SS,2022-10-21 21:57:11
567,Pombia,45.653,8.6336,62.4,94,100,11.5,IT,2022-10-21 21:57:12
568,Xinxiang,35.3089,113.8672,60.51,42,4,3.62,CN,2022-10-21 21:57:13
